WORD,FREQUENCY
EXPERIENCE,310
TECHNOLOGY,209
WORK,162
SKILLS,152
ABILITY,141
SYSTEMS,131
DATA,128
SOFTWARE,128
MANAGEMENT,124
TECHNICAL,123
TEAM,112
BUSINESS,107
DEVELOPMENT,106
REQUIRED,99
KNOWLEDGE,97
SUPPORT,96
PREFERRED,91
COMPUTER,89
INFORMATION,84
PROJECT,80
DESIGN,78
WORKING,77
CUSTOMER,76
YEARS,75
RELATED,75
DEGREE,71
COMMUNICATION,69
ENVIRONMENT,66
INCLUDING,65
STRONG,65
ENGINEERING,65
SOLUTIONS,63
SCIENCE,63
REQUIREMENTS,56
APPLICATIONS,56
PROVIDE,54
SECURITY,54
ENSURE,53
SERVICES,53
LEARNING,52
UNDERSTANDING,52
FIELD,51
SYSTEM,51
SERVICE,50
CLIENT,49
PROJECTS,47
ISSUES,46
TEAMS,44
PROGRAM,44
TOOLS,44
HARDWARE,43
TECHNOLOGIES,43
TIME,42
YEAR,42
MAINTAIN,41
EXCELLENT,41
LEVEL,40
EQUIPMENT,40
PROGRAMMING,40
PROBLEMS,39
RESEARCH,39
DEVELOP,38
WRITTEN,38
MANAGE,38
BACHELOR,37
C,36
CANDIDATE,35
NETWORK,35
EDUCATION,35
LEAD,35
PROCESSES,34
POSITION,34
PERFORMANCE,34
MICROSOFT,33
RESPONSIBILITIES,33
DIGITAL,33
TRAINING,32
ASSIGNED,32
LEADERSHIP,32
PERFORM,32
CREATE,31
PRODUCT,31
QUALITY,31
INTERN,31
PROFESSIONAL,30
ANALYSIS,30
END,30
COMPLEX,30
WEB,30
PRODUCTS,30
STAFF,29
FUNCTIONAL,29
AGILE,29
BASED,28
DOCUMENTATION,27
ORGANIZATION,27
MARKETING,27
TROUBLESHOOTING,27
OFFICE,27
CLIENTS,27
PROCESS,27
EFFECTIVE,26
PROCEDURES,26
NEEDED,26
TESTING,25
HIGH,25
ORGANIZATIONAL,25
FAMILIARITY,25
DAY,25
OBJECTIVES,24
VERBAL,24
DEPARTMENT,24
OPERATIONS,24
BASIC,24
MEET,24
MAINTAINS,24
GOALS,24
TASKS,24
IMPLEMENTATION,24
DELIVERY,24
SQL,23
MULTIPLE,23
ANALYZE,23
RESOURCES,23
OPERATING,23
SCHOOL,23
DEVELOPING,23
APPLICATION,23
STUDENT,23
DETAIL,23
PROVEN,23
DELIVER,23
PRACTICES,23
DUTIES,23
LEARN,22
STANDARDS,22
INTEGRATION,22
EFFECTIVELY,22
REQUIRES,22
ASSIST,22
PYTHON,22
DEMONSTRATED,22
COMPANY,21
INTERNAL,21
PROBLEM,21
INDEPENDENTLY,21
UNDERSTAND,21
CODE,21
CUSTOMERS,21
ORIENTED,21
PARTICIPATE,21
JOB,21
PROGRAMS,20
ANALYTICS,20
INSTALLATION,20
INDUSTRY,20
CROSS,20
UNIVERSITY,20
EXCEL,20
FULL,20
ROLE,20
QUALIFICATIONS,20
IDENTIFY,20
STUDENTS,20
PERFORMS,19
SOLUTION,19
RESOLVE,19
RELATIONSHIPS,19
STRATEGIC,19
LANGUAGES,19
EQUIVALENT,18
MEMBERS,18
CURRENT,18
INFRASTRUCTURE,18
OPERATIONAL,18
ENGINEER,18
COMMUNICATE,18
ADMINISTRATION,18
SENIOR,18
JAVA,18
COLLEGE,18
ANALYST,18
CONTROL,18
CLASSROOM,18
MACHINE,18
PLANNING,18
SERVER,17
APPLY,17
ACTIVITIES,17
MONITORING,17
EMAIL,17
GOOD,17
EXPERTISE,17
FINANCIAL,17
REPORTING,17
KEY,17
PROFICIENCY,17
COLLABORATE,17
STRATEGY,17
MAINTENANCE,17
STAKEHOLDERS,17
PLANS,17
MINIMUM,17
TROUBLESHOOT,16
ENVIRONMENTS,16
FUNCTIONS,16
GLOBAL,16
COLLABORATION,16
LEADING,16
DEPLOYMENT,16
CERTIFICATION,16
ACCESS,16
CONFIGURATION,16
RELEVANT,16
MEDIA,16
MANAGER,16
BACKGROUND,16
CANDIDATES,16
MOBILE,16
INTERNSHIP,16
GUIDANCE,16
ARCHITECTURE,16
DESKTOP,16
FAST,16
BUILDING,16
SOLVING,16
TECHNIQUES,15
ENTRY,15
SUPPORTING,15
RESPONSIBLE,15
ENTERPRISE,15
MANAGING,15
IMPROVE,15
HIGHLY,15
CONDUCT,15
HTML,15
CLOUD,15
DRIVE,15
TRAVEL,15
LARGE,15
WINDOWS,15
CREATIVE,15
ANALYTICAL,15
TIMELY,14
STATISTICS,14
PORTFOLIO,14
PUBLIC,14
JAVASCRIPT,14
CSS,14
PLATFORMS,14
DEMONSTRATES,14
APPLE,14
ASSOCIATE,14
SCALE,14
SPECIFIC,14
REVIEW,14
TEST,14
INCLUDE,14
BUILD,14
SUMMER,14
REPORTS,13
VENDORS,13
GENERAL,13
USERS,13
SALES,13
INTERPERSONAL,13
PERSONAL,13
SOLVE,13
JOURNEY,13
IMPLEMENT,13
HANDS,13
QA,13
OPPORTUNITIES,13
ASSURANCE,13
MS,13
TECHNICIAN,12
COMPUTING,12
ORAL,12
EXTERNAL,12
UNDERGRADUATE,12
LIMITED,12
LEADERS,12
VIDEO,12
IDEAL,12
LICENSE,12
PACED,12
DRIVER,12
POSSESS,12
PRIVACY,12
SPECIALIST,12
WORKS,12
VISUAL,12
ATTENTION,12
USER,12
PROGRESS,12
MAKE,12
RECORD,12
AREAS,12
DEVICES,11
UPDATE,11
INTELLIGENCE,11
COMPLIANCE,11
SUCCESSFUL,11
UTILIZE,11
PROVIDING,11
TRENDS,11
GOOGLE,11
POLICIES,11
PREVIOUS,11
PASSION,11
NETWORKING,11
PLAN,11
INITIATIVES,11
DEEP,11
LONG,11
VARIETY,11
PRINCIPLES,11
FOLLOW,11
INNOVATION,11
FLEXIBLE,11
API,11
LANGUAGE,11
INNOVATIVE,11
RANGE,11
ADDITIONAL,11
MANUFACTURING,11
LEVELS,11
POSITIVE,11
DATABASE,11
BANK,11
IOS,11
DEPTH,11
DOCUMENT,11
STANDARD,10
ESSENTIAL,10
UPDATES,10
DEVELOPER,10
EXPERIENCES,10
FUTURE,10
INDIVIDUAL,10
BANKING,10
EXECUTIVE,10
EMPLOYEE,10
CODING,10
FILES,10
CORE,10
BS,10
ADVANCED,10
DECISIONS,10
DATABASES,10
EXECUTE,10
DRIVEN,10
AUDIO,10
SITE,10
SUPPORTS,10
METHODS,10
ORGANIZED,10
LINE,10
IMPACT,10
LIFECYCLE,10
SAFETY,10
DETAILED,10
DESK,10
APPROACHES,10
MULTI,10
RISK,10
METHODOLOGIES,9
RESULTS,9
INSTRUCTIONAL,9
DESIRED,9
MATHEMATICS,9
SIMILAR,9
CHANGE,9
CAMPUS,9
NETWORKS,9
SUPERVISION,9
RELIABLE,9
ONGOING,9
LL,9
DEMONSTRATE,9
CLEAR,9
DELIVERABLES,9
CONTRIBUTE,9
ACCREDITED,9
VALID,9
PRODUCTION,9
LEADER,9
ARTIFICIAL,9
LIFE,9
STATUS,9
ASSISTANCE,9
PROCESSING,9
EDUCATIONAL,9
PROFICIENT,9
PART,9
PRESENTATION,9
WRITE,9
INTEREST,9
PHYSICAL,9
DIVERSE,9
ENGINEERS,9
DISTRICT,9
PREPARE,9
ORDER,9
ENERGY,9
TEACHING,9
MASTER,9
PAYROLL,9
EMPLOYEES,9
CONTENT,9
CONSULTING,9
WORDPRESS,9
PC,9
REQUESTS,8
POINT,8
COURT,8
MYSQL,8
CHALLENGES,8
CLASS,8
HUMAN,8
HEALTH,8
IMPLEMENTING,8
MAINTAINING,8
MEMBER,8
JUDGMENT,8
COORDINATE,8
INVENTORY,8
STEM,8
TRACK,8
PARTNER,8
WORD,8
PROFESSIONALS,8
COMFORTABLE,8
GPA,8
MAJOR,8
GROWTH,8
EFFORTS,8
EXPECTATIONS,8
EFFICIENTLY,8
ESTABLISH,8
PERSON,8
BASIS,8
PERSONNEL,8
SET,8
INSURANCE,8
EMERGING,8
SUCCESS,8
COMPONENTS,8
SETTING,8
CORPORATE,8
AUDIT,8
EXCEPTIONAL,8
INCLUDES,8
ACCOUNT,8
JUNIOR,8
ALARM,8
OPERATION,8
FACING,8
ABILITIES,8
SOLID,8
CULTURE,8
RESPONSIBILITY,8
AUDIENCES,8
CELL,8
MARKET,8
MODELS,8
ACTIVE,8
CONCEPTS,8
SUBJECT,8
REPORT,8
STORAGE,8
IMPROVEMENT,8
AI,8
COMMUNITY,8
FRAMEWORK,8
HOURS,8
MODEL,8
CARE,8
DIRECTOR,8
DIRECTION,8
ENGAGEMENT,7
MOTIVATED,7
PRIORITIES,7
PHP,7
PRIOR,7
DEADLINES,7
INSTRUCTION,7
FEEDBACK,7
PREFERABLY,7
PREPARES,7
FEATURES,7
MISSION,7
ACCURATE,7
MANAGERS,7
ACHIEVE,7
COST,7
MODELING,7
COMMUNICATIONS,7
STATE,7
COMPUTERS,7
HIRING,7
STATISTICAL,7
REVIEWS,7
GROUP,7
ADDRESS,7
MATERIALS,7
SCHEDULE,7
TECH,7
PLATFORM,7
SCCM,7
SCRIPTING,7
IP,7
MANNER,7
METHODOLOGY,7
DISCIPLINE,7
BACK,7
BA,7
DESIGNING,7
UI,7
EVALUATE,7
CAPABILITY,7
SERVERS,7
EVALUATION,7
PURPOSE,7
CERTIFICATIONS,7
LEADS,7
PURSUING,7
ENSURES,7
CHAIN,7
DIRECT,7
MENTOR,7
CONSIDERED,7
RECORDS,7
BIG,7
INCIDENT,7
LINES,7
CALL,7
SUITE,7
MET,7
DEVELOPERS,7
EXISTING,7
DEVICE,7
BUDGET,7
OPEN,7
REQUIRE,7
TRANSLATE,7
CHANGING,7
SPECIFICATIONS,7
GROUPS,7
PEOPLE,7
R,7
TRANSFORMATION,7
STRATEGIES,7
RECOMMEND,7
TERM,7
ANDROID,7
CLOSELY,7
CREATION,7
EXPERIENCED,7
WIDE,7
LABORATORY,7
RISKS,7
DEPARTMENTS,7
CONSTRUCTION,7
DOCUMENTS,7
QUANTITATIVE,7
VISION,7
ASPECTS,7
PRODUCTIVITY,7
GREAT,7
LBS,7
DOMAIN,7
REFERENCE,6
ROUTING,6
SOURCES,6
RECOMMENDATIONS,6
CONNECTED,6
FACILITATE,6
MATRIXED,6
REGULATIONS,6
CONTINUOUS,6
INTERACTION,6
FACULTY,6
TESTS,6
CURRICULUM,6
PARTNERS,6
APPLIED,6
APPLYING,6
GROW,6
PROCUREMENT,6
DRIVING,6
PRODUCE,6
JOURNEYS,6
ARCHITECTURES,6
AREA,6
REQUESTED,6
PERFORMED,6
ASSISTS,6
AUBURN,6
AUTHORITY,6
AUTHORIZATION,6
AUTOMATION,6
LEVERAGING,6
VALIDATION,6
OS,6
LIFT,6
ORGANIZATIONS,6
HIGHER,6
ACADEMIC,6
EMPLOYMENT,6
POTENTIAL,6
RESOLUTION,6
WRITING,6
ACT,6
SCOPE,6
PRESENTING,6
STATES,6
PMO,6
COMPLETE,6
ADMINISTRATIVE,6
RESOURCE,6
WIRELESS,6
ENGAGEMENTS,6
PHONE,6
WILLINGNESS,6
PHASES,6
PROACTIVE,6
ANALYSES,6
PERIPHERALS,6
EXECUTION,6
EXCELLENCE,6
COLLABORATIVE,6
QUICKLY,6
CHECK,6
COLLABORATIVELY,6
INSTALLATIONS,6
INVOLVING,6
SUPPLY,6
TOP,6
MAKING,6
CASES,6
DESIRE,6
OBTAIN,6
FRAMEWORKS,6
SUPERVISORY,6
OPPORTUNITY,6
UPGRADES,6
SETUP,6
LINUX,6
COMPLETION,6
FIELDS,6
FREQUENTLY,6
SOCIAL,6
INDEPENDENT,6
UNITED,6
REMOTE,6
FINANCE,6
ELECTRICAL,5
STAY,5
ENABLE,5
CYCLE,5
COURSEWORK,5
KEEN,5
CUTTING,5
INTERNATIONAL,5
ENGAGE,5
COVER,5
EXERCISE,5
MANAGES,5
RELATIONAL,5
DEFINED,5
DEFINITION,5
STARTER,5
ETL,5
SMART,5
ISSUE,5
DIPLOMA,5
DIRECTORY,5
RESPONSE,5
DEVELOPS,5
DISTRIBUTED,5
ENSURING,5
STRUCTURES,5
STACK,5
CRITICAL,5
TEACHERS,5
DELIVERING,5
RESPONSIVE,5
ENHANCE,5
INTERNET,5
INVOLVED,5
LAPTOPS,5
DYNAMIC,5
ENGLISH,5
LOVE,5
STORE,5
EDGE,5
REQUIREMENT,5
CREATING,5
GRADUATE,5
AUTHORIZED,5
OWNERSHIP,5
MULTIMEDIA,5
AUDIOVISUAL,5
ATTITUDE,5
FLEXIBILITY,5
INSIGHTS,5
SMALL,5
VIRTUAL,5
ASSIGNMENTS,5
COLLECT,5
ASSESS,5
COMBINATION,5
INSTALLING,5
CLEAN,5
COMMERCE,5
COMMERCIAL,5
TOOL,5
ARCHITECT,5
MODERN,5
READY,5
PEERS,5
VR,5
APPLICANTS,5
INSTRUCTOR,5
III,5
APP,5
SALARY,5
UTILIZING,5
FUNCTIONALITY,5
OPERATE,5
BROWN,5
CABLING,5
INDIVIDUALS,5
INDUSTRIAL,5
CALLS,5
PROTOCOLS,5
OPTIMIZE,5
INFLUENCE,5
CAPABILITIES,5
PROTECTION,5
CAPTURE,5
CAREER,5
PREPARATION,5
GATHERING,5
VALIDATE,5
BENEFITS,5
TYPE,5
BASE,5
SIMULTANEOUSLY,5
SINGLE,5
CHANNELS,5
GENESYS,5
IMPROVEMENTS,5
QUARTERLY,5
SITUATIONS,5
CITRIX,5
CONTACT,5
POLICY,5
FACE,5
ADDITION,5
SOUND,5
ADAPT,5
SCHEDULES,5
ACTIVELY,5
CONTROLS,5
IA,5
MEETINGS,5
PHD,5
HANDLE,5
ACCURACY,5
HADOOP,5
MATTER,5
TECHNOLOGICAL,5
ADOBE,5
POWERPOINT,5
ADMINISTRATORS,5
WEBSITES,5
PERIODS,5
THINKING,5
ANALYZING,5
ACCREDITATION,5
CONCISE,5
LIBRARIES,4
TECHNICIANS,4
OUTPUT,4
PROPOSALS,4
REPAIR,4
KIDS,4
PLANTS,4
ELECTRONIC,4
REPAIRS,4
PLAYER,4
GENERATION,4
DISCOVER,4
AZURE,4
WORKSTATION,4
LEVERAGE,4
DISCIPLINES,4
POST,4
EATON,4
POWER,4
ACCORDANCE,4
ESCALATION,4
ESCALATE,4
SCIENTIFIC,4
UOP,4
ROUTINE,4
BOOTSTRAP,4
SCIENTISTS,4
START,4
ELEMENTS,4
PRESENT,4
INCIDENTS,4
PRESENTATIONS,4
GATHER,4
RESPOND,4
BEHAVIOR,4
SESSIONS,4
RUBY,4
DIRECTED,4
OUTCOMES,4
GRAPHICS,4
AIR,4
SENSE,4
PRIORITIZE,4
ALGORITHMS,4
PASSIONATE,4
ALIGN,4
DOMAINS,4
ALIGNMENT,4
VISUALIZATION,4
REQUEST,4
PRODUCTIVE,4
GRAPHIC,4
DOD,4
WEEKEND,4
AR,4
APTITUDE,4
PROACTIVELY,4
IMAGE,4
APPROVAL,4
GUIDELINES,4
GUIDE,4
EAGER,4
LAPTOP,4
WAYS,4
PERFORMING,4
PROGRESSIVE,4
OVERSEE,4
PROPER,4
VEHICLE,4
LEGACY,4
AVAILABILITY,4
AUTOMATED,4
GIT,4
GITHUB,4
PRINCIPAL,4
SCALABLE,4
PROMOTE,4
AUGUST,4
LETTER,4
DITA,4
PROGRAMMER,4
EFFECTIVENESS,4
SATISFACTION,4
GLOBALLY,4
STRUCTURED,4
VIEW,4
PRINTERS,4
IDEAS,4
ASSIGNMENT,4
ENROLLED,4
ASSETS,4
TRAIN,4
MONITOR,4
TABLES,4
COLLEAGUES,4
MONITORS,4
CONSTRAINTS,4
CRITERIA,4
TRACKING,4
INSPECT,4
RELATIONSHIP,4
FLOWS,4
RELEASE,4
REGULAR,4
INTERACT,4
MST,4
CLOSE,4
FOCUS,4
CLEARANCE,4
INVESTIGATION,4
MAC,4
QUICK,4
MEETING,4
NATURAL,4
FOCUSED,4
SKILL,4
TAKING,4
MICROCOMPUTER,4
COMPREHENSIVE,4
FEASIBILITY,4
FEDERAL,4
INTEGRITY,4
EXECUTIVES,4
COMPLETES,4
DAILY,4
METRICS,4
DANCE,4
SPECIAL,4
TALENT,4
FULLY,4
DATE,4
TAX,4
EXHIBITS,4
CONFIGURING,4
CONSISTENT,4
MODIFICATIONS,4
CONSISTENTLY,4
DEALING,4
THEORETICAL,4
MENTAL,4
SPECIALIZED,4
CAR,4
ROADMAP,4
MEASURED,4
MEASURABLE,4
INTERFACE,4
LOCAL,4
TELEPHONY,4
UMS,4
INFLUENCING,4
CARRY,4
TELEPHONE,4
DEMONSTRATING,4
INTERIM,4
COORDINATES,4
OFFER,4
COORDINATING,4
COORDINATION,4
COSTS,4
ESTABLISHED,4
FRONT,4
SHIPMENT,4
DESCRIPTION,4
FORCE,4
TERRITORY,4
EXTENSIVE,4
EVENTS,4
INVESTMENT,4
EVOLVING,4
CONTINUE,4
INITIAL,4
INTERACTIVE,4
EXPOSURE,4
CERTIFIED,4
NATURE,4
SITES,4
NET,4
SPEAK,3
FACTORY,3
JUNE,3
FACTORS,3
SALESFORCE,3
INTELLECTUAL,3
EXPLORE,3
INTERMEDIATE,3
SPACES,3
HOME,3
ROOT,3
INTEGRATIONS,3
SCHOOLS,3
FAMILIAR,3
INTERFACING,3
SCRIPTS,3
SOURCE,3
HR,3
HEALTHCARE,3
EXPECTED,3
INTERACTING,3
IBM,3
STAND,3
ENDPOINT,3
RESOLVING,3
EXTENDED,3
RESUME,3
STAKEHOLDER,3
INTERACTIONS,3
HELPING,3
HARD,3
SIDE,3
ENTER,3
SR,3
INVESTIGATIONS,3
INVESTMENTS,3
ENTHUSIASM,3
INITIATIVE,3
JAMF,3
GENERATING,3
ENTIRE,3
RULES,3
FORMULATE,3
ROADMAPS,3
ROBOTICS,3
SIGNAL,3
FOUNDATION,3
GIRLS,3
INFORMATICA,3
SETS,3
GAP,3
GAINED,3
SHORT,3
ESTIMATING,3
SHARE,3
IRD,3
SHARED,3
ESTABLISHES,3
FRIDAY,3
ESERVICES,3
SHARING,3
INCREASE,3
EXECUTES,3
INTEGRATED,3
INTEGRATE,3
FEET,3
GROWING,3
FILE,3
JS,3
FIND,3
RESPECT,3
FINDINGS,3
IMAGING,3
IMMEDIATELY,3
INSTITUTION,3
EXECUTING,3
IMMUNOLOGY,3
SEEKING,3
JOIN,3
INTRUSION,3
SEND,3
FIRM,3
GOVERNANCE,3
INSTALL,3
HONEYWELL,3
RIGHTS,3
EXCITED,3
RUNNING,3
INVESTIGATES,3
IMPLEMENTED,3
INPUT,3
SKILLED,3
CONDITIONS,3
CONSULTANTS,3
ASSESSMENT,3
ASSESSMENTS,3
CONSTANT,3
ASSET,3
MENTORS,3
CONNECTIVITY,3
CONNECT,3
PARTIES,3
CONFIGURES,3
RECOMMENDATION,3
CONFIDENTIALITY,3
CONFIDENTIAL,3
CONDUCTING,3
TESTER,3
MICRO,3
ASSOCIATES,3
MIDDLE,3
MIGRATION,3
RECENT,3
MILESTONES,3
PROFITABILITY,3
ATTEND,3
COMPLEXITY,3
COMPLETING,3
COMPLETED,3
REASONING,3
PACKAGES,3
CORRECT,3
APPROPRIATELY,3
APPROVED,3
APPS,3
CRM,3
REGULARLY,3
CRESTRON,3
CREATIVITY,3
CREATIVELY,3
CREATES,3
VOIP,3
TEAMWORK,3
VOICE,3
MATHEMATICAL,3
OWNERS,3
COORDINATOR,3
MATTERS,3
VMWARE,3
TEMPLATES,3
TEMPORARY,3
PAY,3
CONTRIBUTOR,3
CONTRIBUTES,3
MECHANICAL,3
ARTICULATE,3
ARTIFACTS,3
ASP,3
CONTINUALLY,3
BROADEN,3
CHAT,3
ORACLE,3
CHALLENGE,3
UPGRADE,3
CENTER,3
TYPES,3
OPPOSED,3
BRAND,3
NSA,3
CCTV,3
BRING,3
OBJECT,3
BROAD,3
TRUST,3
CAPABLE,3
OCCASIONAL,3
PUBLICATIONS,3
PSYCHOLOGY,3
OPERATES,3
UNDERSTANDS,3
BSC,3
OFFICER,3
UNITY,3
BUGS,3
OP,3
UNION,3
BUSINESSES,3
MOTIVATING,3
AUTOMATE,3
REAL,3
COMMUNICATING,3
MODELLING,3
PROPERLY,3
PROPERTY,3
BACKGROUNDS,3
COMMITMENT,3
TOOLING,3
MONDAY,3
BACKUP,3
MONGODB,3
PROPOSAL,3
EMPHASIS,3
MOTIVATION,3
MOVE,3
VARYING,3
TRADITIONAL,3
MOVING,3
UX,3
UTILIZATION,3
TRANSITION,3
CLASSES,3
BIOLOGY,3
CITIZEN,3
TRANSPORTATION,3
TROUBLE,3
PRIORITIZATION,3
PLACES,3
DEVELOPMENTAL,3
DETERMINING,3
EDITING,3
SUPERIOR,3
SUPERVISE,3
EDOCS,3
DETAILS,3
LOAD,3
LEGAL,3
ECONOMICS,3
DESIGNS,3
DESIGNERS,3
DESIGNER,3
LOCATION,3
PH,3
EDUCATOR,3
LOCATIONS,3
DESIGNATED,3
STRONGLY,3
PRIMARY,3
ACUMEN,3
WORKFLOW,3
WORKERS,3
PRINT,3
DILIGENT,3
DRIVERS,3
DIRECTLY,3
PIVOT,3
DIAGNOSTIC,3
AGENCY,3
LISTS,3
LOGIN,3
LITERATURE,3
DHCP,3
DUE,3
REPRESENT,3
DURATION,3
LIVE,3
ACTUAL,3
DEVOPS,3
POSITIONS,3
KEEPING,3
DEFECTS,3
DECISION,3
ANALYZES,3
RELATING,3
ADHERENCE,3
WEATHER,3
DEAL,3
ANSWER,3
WATERFALL,3
CYBERSECURITY,3
REQUIRING,3
EMAILS,3
APPLICABLE,3
APPLICANT,3
TASKING,3
CURIOUS,3
PREFERABLE,3
CURIOSITY,3
DIVISION,3
STRUCTURE,3
DEMONSTRABLE,3
PRIVATE,3
PERSPECTIVE,3
ACCREDITATIONS,3
WEEKENDS,3
LOGS,3
DNS,3
ACCOUNTING,3
RELIABILITY,3
ANALYSTS,3
SWIFT,3
EFFICIENCY,3
EFFICIENT,3
PRACTICAL,3
DELIVERS,3
DELIVERED,3
WEEK,3
RELEASES,3
DEFINE,3
PREVENTATIVE,2
ORALLY,2
PREVENT,2
INCLEMENT,2
ORGANIZING,2
ORIENTATION,2
ORGANIZES,2
ROUTERS,2
POSTGRESQL,2
PEER,2
EXPECT,2
JUSTICE,2
PREFERS,2
PRACTICE,2
HOUR,2
ROTATION,2
ROUTER,2
ROOM,2
HRIS,2
HOUSE,2
OPS,2
OPTIMAL,2
OPTIMIZATION,2
OPTIMIZING,2
PROTECT,2
POPULAR,2
POLYCOM,2
PERPETUAL,2
IMPLEMENTATIONS,2
PARTICIPATES,2
PARTICIPATION,2
PRINTING,2
RUN,2
PHYSIOLOGICAL,2
IMPACTFUL,2
PARTNERING,2
PRIORITIZING,2
IDENTIFICATION,2
PARTY,2
PERSONALITY,2
PARALLEL,2
IMPACTED,2
PROF,2
PAVEMENT,2
IMMUNIZATIONS,2
RUNS,2
IMBED,2
IMAGES,2
PCS,2
SAFELY,2
IIS,2
PROCESSORS,2
PROCESSOR,2
OUTSTANDING,2
OSHA,2
PROS,2
OSX,2
OUTLOOK,2
PRICING,2
PLANNED,2
IMPROVING,2
IMPROVES,2
PLACER,2
OUTSOURCED,2
HUNDREDS,2
PIPELINES,2
ORIGINAL,2
SCALABILITY,2
PRINTER,2
IATO,2
OVERSIGHT,2
OWNER,2
PIG,2
IMPORTANT,2
PAID,2
IMPLEMENTS,2
SAMPLES,2
PANELS,2
REMAIN,2
MANAGED,2
MALWARE,2
MAKES,2
RELATES,2
MAJORING,2
MAINFRAME,2
MACHINERY,2
RELOCATION,2
INVISION,2
INTRODUCTORY,2
RESTORE,2
INVOICING,2
REMEDIAL,2
REMEDIATION,2
REST,2
LOADING,2
LNAPL,2
LIVES,2
INTERNSHIPS,2
MEASUREMENT,2
MEASURE,2
MEANINGFUL,2
MATRIX,2
MATH,2
RETURNING,2
MASTERS,2
REGRESSION,2
ISO,2
RETRIEVAL,2
MARKETERS,2
INTERPRET,2
MANUAL,2
INTRODUCTION,2
REGULATORY,2
MANIPULATE,2
RELATE,2
LAN,2
LAW,2
LAUNCH,2
JQUERY,2
LATEST,2
LARGER,2
LANDING,2
JSON,2
JSP,2
JOBS,2
RESOURCEFUL,2
LAB,2
KNOWLEDGEABLE,2
KNOWING,2
RESEARCHING,2
KEYBOARD,2
RESIDENTS,2
RESOLVED,2
IV,2
REMOTELY,2
LINKS,2
ITEMS,2
REMOVE,2
LIGHT,2
LIFTING,2
LIEU,2
RESPECTIVE,2
INTERESTS,2
LIAISON,2
REPETITIVE,2
REPORTABLE,2
LEGALLY,2
LEDGER,2
LEARNER,2
REPOSITORY,2
JDBC,2
MUFG,2
INITIATION,2
NEWS,2
NEGOTIATION,2
INJECTION,2
INNOVATE,2
QUESTIONS,2
MUSIC,2
MULTITASK,2
MULTIDISCIPLINARY,2
NICE,2
RANGING,2
RANKED,2
RISING,2
INQUISITIVE,2
INSIDE,2
MOVES,2
MOTIVATE,2
RATE,2
OBJECTS,2
ONESELF,2
ONEDRIVE,2
OFFSHORE,2
OFFERINGS,2
ROLES,2
OBTAINING,2
OBSERVATIONS,2
ROBUST,2
RICH,2
OBJECTIVE,2
NUMBERS,2
NOTIFICATIONS,2
NOTE,2
NORMAL,2
PURPOSES,2
NODE,2
PVS,2
INTELLIGENT,2
MIND,2
MILLIONS,2
MILITARY,2
MIDDLEWARE,2
RECOGNIZING,2
METOPERA,2
REVIEWED,2
RECOMMENDS,2
MINECRAFT,2
INTENSIVE,2
RECOVERY,2
MEETS,2
MEDIUM,2
INTERACTS,2
MEDICAL,2
RECRUITING,2
MEASURING,2
INSTRUCTIONS,2
MONTH,2
REACHING,2
INSTALLS,2
INSTITUTIONS,2
READING,2
MODERATE,2
MODALITIES,2
REALITY,2
ONLINE,2
MITIGATES,2
MITIGATE,2
MISCELLANEOUS,2
MIS,2
INSTRUMENTS,2
MINING,2
MINIMIZE,2
MINIMAL,2
SUBSIDIARY,2
DEXTERITY,2
DIACAP,2
DIAGNOSE,2
DIAGNOSTICS,2
USAGE,2
SUGGEST,2
BIOTECHNOLOGY,2
DIGITIZATION,2
USMC,2
UTILITIES,2
SUCCESSFULLY,2
BIOCHEMISTRY,2
BILLABLE,2
DEV,2
DIRECTORS,2
DISABILITIES,2
DISABILITY,2
BI,2
DISASTER,2
DISCIPLINARY,2
DISCOUNTS,2
DISCOVERY,2
BENEFIT,2
DISCRETION,2
SUBMIT,2
DISCUSS,2
VALUED,2
UPDATING,2
SYNTHESIZE,2
UNIX,2
UNREAL,2
BROADER,2
UNRESOLVED,2
DEGREES,2
DELEGATE,2
BOTTOM,2
SWITCHES,2
DEMAND,2
DEMANDS,2
DEMEANOR,2
DENTAL,2
STYLE,2
DEPARTMENTAL,2
DEPENDENCIES,2
DEPENDING,2
DEPLOY,2
DEPLOYMENTS,2
SUPPORTED,2
BOARD,2
DESIGNED,2
SUPPLIERS,2
BLOCKCHAIN,2
DESKTOPS,2
SUPERVISES,2
SUPERVISED,2
STAGE,2
STEAM,2
STAYING,2
EJB,2
ELASTICSEARCH,2
ELECTRONICS,2
EMBEDDED,2
STANDING,2
ATTAIN,2
EMPLOYER,2
ENABLING,2
ENCOURAGE,2
ENCOURAGED,2
ENFORCEMENT,2
EE,2
ENGAGING,2
ENHANCEMENT,2
ENJOY,2
STABLE,2
ATO,2
ENROLLMENT,2
ASSUMPTIONS,2
ASSISTANTS,2
ENTHUSIASTIC,2
VISA,2
ENTITY,2
ENVIRONMENTAL,2
SPRING,2
BACKLOG,2
STUDY,2
STUDIO,2
STUDIES,2
DISTRIBUTION,2
DIVERSITY,2
DN,2
DOCUMENTING,2
STRICT,2
DOTNET,2
BALANCING,2
VDI,2
BACKUPS,2
DOWNTIME,2
BROOKLYN,2
BACHELORS,2
DRIVES,2
AWS,2
STRATEGISTS,2
AWARENESS,2
EAGERNESS,2
VENDOR,2
AUTOMATING,2
AUTOCAD,2
EDITORS,2
AUTHOR,2
VERBALLY,2
VERIFIABLE,2
COMPUTATIONAL,2
COMPETING,2
COMPETITIVE,2
TIMEFRAMES,2
CIPP,2
COMPLICATED,2
CHROME,2
COMPLIES,2
CHINESE,2
COMPOSER,2
CHILDREN,2
TICKETS,2
TROUBLESHOOTS,2
COMPTIA,2
TREATMENT,2
TICKET,2
TUNING,2
THINGS,2
CHALLENGING,2
CONFERENCES,2
CONFERENCING,2
CONFIDENCE,2
CONFIGURATIONS,2
CONFIGURE,2
CERTIFICATE,2
CENTERS,2
CONS,2
THEORY,2
COLORS,2
TRANSACTION,2
TRANSFER,2
TRAINEE,2
TRAINED,2
CNC,2
COACHING,2
CODECS,2
CLERK,2
TRADING,2
TOTES,2
CLASSROOMS,2
COLLABORATING,2
CLASSIFICATION,2
TYPICALLY,2
COMM,2
CITY,2
COMMERCIALIZATION,2
COMMITTED,2
COMMITTEE,2
COMMON,2
TRANSPORT,2
TITLE,2
TIMES,2
COMPATIBILITY,2
COMPELLING,2
COMPETENCIES,2
TIMELINES,2
CADENCE,2
COVERAGE,2
TEAMMATE,2
CREDIT,2
CRIMINAL,2
CAMPAIGNS,2
CRT,2
TEACH,2
CRYPTOGRAPHY,2
UNEVEN,2
CS,2
CTS,2
TCP,2
CALCULATIONS,2
CAMPUSES,2
CAD,2
CUMULATIVE,2
TAUGHT,2
TASK,2
CABLE,2
BURGLAR,2
BUILT,2
TAKES,2
UNIQUE,2
UNITS,2
BUDGETS,2
DEBUGGING,2
BROWSER,2
ULTIMATELY,2
CONSIDERATION,2
CONSISTENCY,2
CONSTANTLY,2
TYPING,2
TEXT,2
CONSULT,2
CONSULTANT,2
CONTACTS,2
CONTRACTED,2
CONTRACTORS,2
CONTRIBUTING,2
CONTRIBUTION,2
CONTROLLING,2
AUTHORING,2
CASE,2
UNBOXING,2
TELECOMMUNICATIONS,2
CAPITAL,2
CORP,2
CORRECTIVE,2
UNDERLYING,2
CANCER,2
CORRECTLY,2
TECHNICALLY,2
COUNTRY,2
COUNTY,2
ALONGSIDE,2
GROUND,2
ANALYTIC,2
AMX,2
ACTS,2
AMOUNT,2
AD,2
SELECTION,2
FISCAL,2
WORLD,2
ADDING,2
ALTERNATIVES,2
FINDING,2
GRAPHS,2
ALIGNS,2
FLOOR,2
GRADUATION,2
FLOW,2
GRADUATING,2
ADDRESSED,2
AJAX,2
FOCUSING,2
SKETCH,2
FAILURES,2
WATER,2
ACTIONABLE,2
SECURITIES,2
EXTREMELY,2
EXTRON,2
EYE,2
FACILITATION,2
FACILITIES,2
HANDLING,2
FACTS,2
SOLUTIONING,2
AID,2
FAMILIES,2
FAMILY,2
SEEKS,2
SOLR,2
SEGMENTATION,2
SOLIDWORKS,2
FEATURE,2
SOFT,2
ANNUAL,2
SOAP,2
ADMINISTER,2
ADVICE,2
GIS,2
FUN,2
ADVANCING,2
ADVANCES,2
ADVANCE,2
FUNCTIONALLY,2
ADOPTION,2
ADEQUATELY,2
ADMINISTRATOR,2
WORKPLACE,2
ADVISE,2
SHAREPOINT,2
GENETEC,2
SERVICING,2
GAIN,2
SGML,2
WORKSTATIONS,2
GATE,2
SERVLETS,2
GENERATE,2
ADHERE,2
SENSORY,2
AGREEMENTS,2
AGREED,2
FORMAL,2
SENSITIVE,2
FORMULATION,2
SIMPLE,2
SENSOR,2
ASSEMBLE,2
SIGNIFICANT,2
AGILITY,2
SENSORMATIC,2
SEEK,2
ADDRESSES,2
SHOULDER,2
SHORE,2
WORKED,2
AFFECT,2
ADEQUATE,2
SERVE,2
FREIGHT,2
FREQUENT,2
GIVE,2
ARISE,2
SPECIFICALLY,2
HELPDESK,2
SCRUM,2
SPECIALTY,2
SDLC,2
YORK,2
SPECIALISTS,2
EXERCISES,2
SPECIFICATION,2
EXPANDED,2
HEADS,2
XML,2
ARCHITECTURAL,2
SEAMLESSLY,2
SEARCH,2
XENDESKTOP,2
ACHIEVEMENT,2
SPIRIT,2
ERRORS,2
ESCALATED,2
ABUSE,2
ESS,2
ASSAYS,2
SPONSORSHIP,2
HIRE,2
ACCEPT,2
EXTRACURRICULAR,2
SPENT,2
EVENINGS,2
EVENT,2
VISUALIZATIONS,2
SPEND,2
HELPS,2
SPECS,2
EXAMPLES,2
SECRET,2
SP,2
SPARK,2
WAN,2
SOURCING,2
ACQUISITION,2
SPACE,2
EXPLAIN,2
EXTEND,2
SECONDARY,2
EXPERT,2
ACHIEVING,2
APPROACH,2
APIGEE,2
EXTRACTION,2
SECTOR,2
HAZWOPER,2
WASTE,2
WRANGLING,2
PULL,1
PUNCTUAL,1
PUNCTUALITY,1
RANDOM,1
UNAUTHORIZED,1
WP,1
ZEPHYR,1
QTEST,1
TRANSACTIONS,1
RACKS,1
UNIVERSITIES,1
QUO,1
QUINTESSENTIALLY,1
ZOOM,1
TRANSFORM,1
RAILS,1
PUNCH,1
RAISE,1
PULSE,1
ZONE,1
QUALIFY,1
TRIGGERS,1
TRANSFORMATIONS,1
ZONED,1
PREFERENCE,1
ZOOKEEPER,1
TRANSFERRABLE,1
UIX,1
WORN,1
ZONES,1
QUEENS,1
QUERIES,1
TVC,1
PURCHASES,1
WORKSTREAM,1
PUSH,1
PURCHASING,1
TWIST,1
PURSUITS,1
PRESENCE,1
TV,1
PRESS,1
TWILIO,1
WORLDWIDE,1
TRAVERSE,1
WRITES,1
PREPROCESSORS,1
PURSING,1
PRESERVE,1
PREPARED,1
UCS,1
TYPOGRAPHY,1
ZENDESK,1
TRANSFORMING,1
TRIALS,1
QUEUE,1
TRUSTED,1
ZAPIER,1
TRANSITIONAL,1
PUNCTUATION,1
PRESTO,1
PURCHASE,1
WRITERS,1
QUESTION,1
PURCHASED,1
QUANTITATIVELY,1
TS,1
PRESSURE,1
VPS,1
VERIFIES,1
VERIFICATION,1
VOCATIONAL,1
PROMOTES,1
TELECOM,1
PRODUCING,1
PROMPTLY,1
VOLUME,1
PROPENSITY,1
VOLUNTARY,1
VOLUNTEERS,1
PROCURE,1
VE,1
VPN,1
VERINT,1
VULNERABILITIES,1
WALK,1
VBSCRIPT,1
VARIED,1
PROPOSE,1
WAREHOUSE,1
WAREHOUSES,1
WAREHOUSING,1
PROPOSITIONS,1
PROPRIETARY,1
VARIANCE,1
VALUES,1
WATSON,1
VALUABLE,1
VISITS,1
PROFICIENCIES,1
VISIBLE,1
VISAS,1
PROFESSOR,1
VISITING,1
VIEWING,1
VIEWER,1
VISITORS,1
VIDEOS,1
PROFESSIONALLY,1
PROFILE,1
VIBRANT,1
PROFILING,1
VFX,1
PROSPECT,1
PROFITABLE,1
VISUALIZE,1
VETERANS,1
VISUALLY,1
VITAE,1
VIVE,1
VET,1
VERTICAL,1
VERSUS,1
VERSIONING,1
VERSION,1
VLAN,1
VERSED,1
VMO,1
WORKFLOWS,1
WINTER,1
UPDATED,1
UPCOMING,1
UNSTRUCTURED,1
WIRES,1
PRINTS,1
PROUD,1
WIRING,1
WITHQA,1
WORKDAY,1
PROVIDED,1
PROVIDER,1
PROVIDERS,1
UNINSTALL,1
WINDOWING,1
WORKFORCE,1
PROVISIONING,1
UNIFORMLY,1
PROXIMITY,1
PRIME,1
WORKLOAD,1
WORKLOADS,1
PRUDENT,1
WORKROOMS,1
WORKSHOPS,1
PRIMARILY,1
UNDERGOING,1
UNCOVERING,1
PUBLISHER,1
WEEKS,1
WDE,1
UTILIZES,1
UTILIZED,1
UTILITY,1
PROSPECTIVE,1
WEAKNESSES,1
PROSYSTEM,1
USABILITY,1
WEBSITE,1
USA,1
URL,1
PROBABLE,1
URGENCY,1
WEEKLY,1
PUBMED,1
WEIGHING,1
WELCOMED,1
PROTECTIONS,1
WELLNESS,1
WESTCHESTER,1
UPPER,1
UPLOAD,1
WFM,1
WHILST,1
PRIORITIZED,1
WHITE,1
UPHOLD,1
PROTOTYPES,1
IVR,1
REUSABLE,1
SOUNDS,1
RETURNS,1
SPA,1
SPACY,1
SPAN,1
SPANISH,1
RETROFITS,1
SPANS,1
REVENUE,1
SPEAKER,1
SPEAKERS,1
RETIREMENT,1
RETIRE,1
RETENTION,1
RETAINS,1
SPEAKS,1
SPECIALIZE,1
RESULT,1
REVISIONS,1
SMALLER,1
SMARTPHONE,1
REWARDS,1
SMARTPHONES,1
SME,1
REWARDING,1
REWARDED,1
SMES,1
SMOOTH,1
SPECIFICS,1
SMP,1
REVISE,1
SNOWFLAKE,1
SOCIOLOGY,1
SOLICITATIONS,1
SOPHOMORE,1
SOPHOS,1
SOPS,1
SORTS,1
STAT,1
SSRS,1
ST,1
STACKS,1
STAFFED,1
STAFFING,1
STAFFS,1
STAGES,1
STANDALONE,1
STANDARDIZATION,1
RESPECTED,1
STATEMENTS,1
RESIDENTIAL,1
RESIDENT,1
RESERVATIONS,1
STAYS,1
STEER,1
RESEARCHES,1
STEERING,1
STEPS,1
RESPONSES,1
RESTRUCTURE,1
RESTORES,1
SPECTRUM,1
SPENDING,1
RESTFUL,1
SPOKEN,1
SPONSORS,1
SPORT,1
SPREAD,1
SMAAS,1
RESPONDS,1
SPREADSHEETS,1
SPUR,1
SQOOP,1
RESPECTING,1
SQUARESPACE,1
SRC,1
SRDC,1
SELECTING,1
SASS,1
SANITY,1
SAMSUNG,1
SAMPLE,1
SECURE,1
SALVAGING,1
SALESPEOPLE,1
SEGMENTS,1
SELECTED,1
SAVE,1
SELLING,1
RWD,1
SEM,1
SEMANTIC,1
SEMANTICS,1
SEMESTERS,1
SENSIBILITY,1
SENSING,1
SENTENCE,1
SCENARIOS,1
SCIENCES,1
SCHEMAS,1
SCIENTIST,1
SCIKIT,1
SCIPY,1
SCRATCH,1
SCREEN,1
SCRIPT,1
SCHEDULED,1
SEO,1
SCANNING,1
SCALING,1
SCALES,1
SEABORN,1
SAWZALL,1
SEARCHING,1
SAVING,1
SEASONED,1
SIT,1
SHOPPING,1
ROIS,1
ROI,1
SHOW,1
SHOWS,1
SIEBEL,1
SIGNALS,1
SIMULATION,1
SIOP,1
SHOOTING,1
SITUATIONAL,1
SIZES,1
SKILLFULLY,1
SKYPE,1
SLACK,1
SLEEVES,1
RISE,1
RIGOROUS,1
SMA,1
SHIFT,1
SERVES,1
SERVING,1
SETTINGS,1
SETUPS,1
SHADES,1
SHAPE,1
SHEETS,1
SHELL,1
SHELVES,1
STIMULATION,1
SHIFTING,1
ROTATE,1
SHIFTS,1
ROOMS,1
SHIPMENTS,1
ROLLOUTS,1
SHIPPED,1
ROLL,1
RECORDINGS,1
RECURRENCE,1
TENSORFLOW,1
RECRUITMENT,1
TERMINATION,1
TERMINATIONS,1
TESTED,1
THEMATIC,1
RECOVER,1
THEME,1
TENS,1
RECORDING,1
THERAPEUTIC,1
RECOMMENDING,1
THERAPY,1
THEREOF,1
THERMO,1
THESES,1
THICK,1
THOUGHTS,1
REFERS,1
TEA,1
REGULATED,1
TEACHER,1
REGISTERS,1
REGIONAL,1
REFRESHES,1
REFINE,1
TECHNOLOGISTS,1
SCI,1
RECOGNIZED,1
REFERENCING,1
REFERENCES,1
REFACTOR,1
REDUCE,1
REDSTONE,1
REDSHIFT,1
TELECOMMUTING,1
TEN,1
RDP,1
TOLERANCE,1
READINESS,1
REACTJS,1
REACTIVE,1
TOPICS,1
TOPOLOGIES,1
TORQUE,1
TOTAL,1
REACH,1
TM,1
TOTALS,1
RAPPORT,1
TRACEABILITY,1
TRACKED,1
TRADE,1
RAPIDLY,1
TRAFFIC,1
TRAINER,1
TRAININGS,1
RECEIVE,1
THOUSANDS,1
RECOGNITION,1
THREADING,1
THROUGHPUT,1
THURSDAYS,1
TICKETING,1
RECEIVES,1
RECEIVED,1
TIER,1
TCEA,1
TIGER,1
RECEIPT,1
TIGHT,1
TIMEFRAME,1
TIMEKEEPING,1
REALIZED,1
TIMELINESS,1
READYING,1
REPAIRING,1
SUBCON,1
REPORTED,1
SUBJECTIVE,1
SUBJECTS,1
SUBMISSION,1
REPLACES,1
SUBMITTED,1
SUBNETS,1
SUBSEQUENT,1
STRETCH,1
SUBSTITUTE,1
SUBSTITUTED,1
SUBTRACTION,1
RENOVATION,1
SUCCEED,1
SUCCESSIVELY,1
RENEWABLE,1
RENDERING,1
SUITABILITY,1
STREAMING,1
STOCK,1
STOOP,1
STOPPED,1
STORED,1
STORIES,1
STORY,1
STRAP,1
STRATEGICALLY,1
STRATEGIST,1
SUMMARIES,1
STREAMS,1
STRENGTH,1
STRENGTHEN,1
STRENGTHENING,1
REPRESENTATIVE,1
REPRESENTATION,1
STRENGTHS,1
STRESSFUL,1
TANDEM,1
RELATION,1
TABLEAU,1
TABLET,1
TACT,1
TACTICAL,1
TAILOR,1
TAILORED,1
TAILORING,1
TALENTED,1
SYNCHRONIZING,1
TAPES,1
TARGET,1
TARGETED,1
TARGETING,1
TASTE,1
REINFORCES,1
REIMBURSEMENT,1
TAXATION,1
REIMBURSED,1
RELOCATE,1
SUMMARIZE,1
REMOVAL,1
SUMMARY,1
SUPERB,1
SUPPLEMENTAL,1
SUPPLIES,1
REMEMBER,1
REMEDY,1
SUPPLYING,1
TRANSACTING,1
SURVEYS,1
SUSTAINABLE,1
SWITCHERS,1
SWITCHING,1
RELAYS,1
RELATIONS,1
SWORN,1
SWRI,1
DECKS,1
DATASETS,1
DAYS,1
DEADLINE,1
DEBT,1
DEBUG,1
DECIMALS,1
DECISIVE,1
DECISIVENESS,1
DATACENTRE,1
DEDICATION,1
DEDUCTION,1
DEEPER,1
DEFAULT,1
DEFECT,1
DEFENSE,1
DEFENSES,1
CUSTOMIZED,1
CUES,1
CULLING,1
CULTIVATE,1
CULTURAL,1
CULTURALLY,1
CURRENCY,1
CURRICULA,1
CURRICULAR,1
DELETED,1
CUSTOMS,1
CUTTER,1
CVPR,1
CX,1
CYBER,1
DARWIN,1
DATACENTER,1
DIFFERENCE,1
DETERMINATIONS,1
DETERMINE,1
DETERMINED,1
DETERMINES,1
DEVIATE,1
DEVISE,1
DIAGNOSIS,1
DIAGRAMS,1
DETECT,1
DIFFERENCES,1
DIFFICULT,1
DIGESTIBLE,1
DILIGENCE,1
DILIGENTLY,1
DIMENSIONAL,1
DIMENSIONALITY,1
CRYPTOGRAPHIC,1
DESTRUCTION,1
DESKS,1
DESIRABLE,1
DESIGNEE,1
DESIGNATION,1
DESCRIPTIVE,1
DESCRIBING,1
DESCRIBES,1
DEPLOYED,1
DEPENDENTS,1
DENVER,1
DEMOS,1
DELLEMC,1
DELIVERABLE,1
DELIBERATE,1
CONSCIOUS,1
CONCEPTUALLY,1
CONCERNS,1
CONCURRENT,1
CONDUCTS,1
CONFIDENT,1
CONFIRM,1
CONFLICTS,1
CONNECTIONS,1
CONCEPTUAL,1
CONSOLE,1
CONSOLIDATING,1
CONSTRAINS,1
CONSTRUCT,1
CONSULTATIVE,1
CONSULTS,1
CONTACTED,1
CONTAINERS,1
CONCENTRATIONS,1
CONCEIVE,1
COMSEC,1
COMPUTERIZED,1
COMPUTE,1
COMPRISED,1
COMPOSERPROFICIENT,1
COMPLY,1
COMPLICATING,1
COMPLEXITIES,1
COMPILES,1
COMPILERS,1
COMPILE,1
COMPETITIONS,1
COMPETENT,1
COURSES,1
COOPERATION,1
COOPERATIVE,1
COPYING,1
CORRECTED,1
CORRECTING,1
CORRECTNESS,1
COUNSELORS,1
COUNTING,1
CONVEY,1
COURTROOM,1
COURTROOMS,1
CRAFT,1
CREATIVES,1
CREWS,1
CRISIS,1
CRITIQUE,1
DINING,1
CONVERTING,1
CONVERT,1
CONVERSIONS,1
CONVERSION,1
CONVERSELY,1
CONVERSE,1
CONVERSATIONS,1
CONTROLLERS,1
CONTROLLER,1
CONTRACTS,1
CONTRACTOR,1
CONTINUOUSLY,1
CONTINUITY,1
CONTINUING,1
CONTEXTUAL,1
EPORTFOLIO,1
ENRICH,1
ENRICHMENT,1
ENSEMBLE,1
ENTAILS,1
ENTERING,1
ENTERTAINMENT,1
ENTREPRENEURIAL,1
ENTRIES,1
ENQUIRIES,1
EQUITABLE,1
ERROR,1
ESTIMATES,1
ETHEREUM,1
ETHIC,1
EUROPE,1
EVALUATED,1
ENEWSLETTERS,1
EMPATHETIC,1
EMPIRICAL,1
EMPLOYED,1
EMPOWERING,1
ENCOUNTER,1
ENCRYPTION,1
ENDEAVOR,1
ENERGETIC,1
EVALUATING,1
ENGAGED,1
ENGINEERSTO,1
ENGINES,1
ENHANCED,1
ENHANCEMENTS,1
ENLIGHTENING,1
ENLISTMENT,1
EXPERIMENTAL,1
EXPAND,1
EXPANDING,1
EXPANSION,1
EXPEDITE,1
EXPENDITURES,1
EXPENSE,1
EXPENSES,1
EXPERIMENT,1
EXERT,1
EXPERTS,1
EXPLOIT,1
EXPLORATORY,1
EXPLORING,1
EXPORT,1
EXPORTING,1
EXPOSED,1
EMNLP,1
EXERCISING,1
EXEMPLARY,1
EXECUTABLE,1
EXCUSE,1
EXCITEMENT,1
EXCHANGE,1
EXCEPTIONALLY,1
EXCEEDS,1
EXCEEDING,1
EXAMINE,1
EXAM,1
EXACQVISION,1
EVIDENCE,1
EVENTUAL,1
EVENING,1
DOE,1
DISSIMILAR,1
DISTANCE,1
DISTINGUISHED,1
DISTRICTS,1
DIVISIONS,1
DMZ,1
DOCUMENTED,1
DODI,1
DISSEMINATE,1
DOMESTIC,1
DON,1
DOWNLOADS,1
DOWNS,1
DRAFTING,1
DRAWINGS,1
DRUPAL,1
DSC,1
DISRUPTIVE,1
DISRUPTIONS,1
DISPLAYS,1
DISPLAY,1
DISEASE,1
DISCUSSIONS,1
DISCUSSION,1
DISCRIMINATE,1
DISCREPANCIES,1
DISCREET,1
DISABLE,1
DIRECTIVES,1
DIRECTIONS,1
DIRECTING,1
DIPLOMACY,1
ELECTRICIANS,1
EDUCATORS,1
EEO,1
EFFECTS,1
EFFICIENCIES,1
EFILE,1
EIGHTY,1
EIGRP,1
ELECTRIC,1
EDUCATES,1
ELEMENTARY,1
ELICIT,1
ELIGIBLE,1
ELIMINATING,1
EMASS,1
EMBODIMENT,1
EMBRACE,1
COMPETENCY,1
EDUCATE,1
EDITOR,1
EDIT,1
ECUS,1
ECOSYSTEM,1
ECONOMY,1
ECLIPSE,1
ECCV,1
EC,1
EARNINGS,1
EARN,1
DYNAMICS,1
DVR,1
DUMP,1
DSPS,1
ARLINGTON,1
APPSENSE,1
APTITUDES,1
ARBORTEXT,1
ARCHITECTS,1
ARCHIVAL,1
ARCORE,1
ARDUINO,1
ARKIT,1
APPROVALS,1
ARMY,1
ARRANGE,1
ARRANGEMENTS,1
ARRIVING,1
ARSENAL,1
ART,1
ARTIST,1
APIS,1
ANNOTATION,1
ANOMALIES,1
ANSWERED,1
ANSWERING,1
ANTICIPATED,1
ANTIVIRUS,1
AOP,1
APACHE,1
ARTS,1
APPEARANCE,1
APPINVENTOR,1
APPLIANCES,1
APPOINTMENT,1
APPRAISE,1
APPRECIATED,1
APPROACHABLE,1
AUGMENTED,1
ATTENDANCE,1
ATTENDING,1
ATTENDS,1
ATTIRE,1
ATTRACTS,1
AUCTION,1
AUDITING,1
AUDITS,1
ATTEMPT,1
AUTHENTICATION,1
AUTO,1
AV,1
AVRO,1
AWARE,1
AXIS,1
BAHASA,1
ANGULAR,1
ATTACKS,1
ATTACHMENT,1
ATTACH,1
ATC,1
ASSURING,1
ASSUMES,1
ASSOCIATIONS,1
ASSISTING,1
ASSIMILATED,1
ASSIGNS,1
ASSIGNING,1
ASSIGN,1
ASSERTIVE,1
ASPECT,1
ASKED,1
ADHERES,1
ACL,1
ACQUISITIONS,1
ACROBAT,1
ACTION,1
ACTIONS,1
ADA,1
ADD,1
ADDITIONALLY,1
ACHIEVES,1
ADHERING,1
ADJUST,1
ADJUSTMENTS,1
ADMIN,1
ADMINISTERS,1
ADMISSION,1
ADVANTAGE,1
ADVERSE,1
ACHIEVED,1
ACCURATELY,1
ACCOUNTS,1
ACCOUNTANT,1
ACCOUNTABILITY,1
ACCOMPLISH,1
ACCOMPANYING,1
ACCOMMODATING,1
ACCOMMODATE,1
ACCIDENT,1
ACCESSIBLE,1
ACCEPTED,1
ACCELERATE,1
ACADEMICALLY,1
AA,1
AMBIGUOUS,1
ALIGNING,1
ALLEGATIONS,1
ALLOCATION,1
ALLOWING,1
ALTERNATIVE,1
ALTERYX,1
AMAZING,1
AMAZON,1
ALIGNED,1
AMBITIOUS,1
AMERICAN,1
AMID,1
AMOUNTS,1
ANALOG,1
ANALYSING,1
ANALYTICALLY,1
BALANCE,1
ALERTS,1
AL,1
AISD,1
AHEAD,1
AGGRESSIVE,1
AGES,1
AGENT,1
AGENCIES,1
AGE,1
AFFINITY,1
AFFECTING,1
ADVOCATE,1
ADVISORY,1
ADVISOR,1
ADVISING,1
CJIS,1
CI,1
CIRCUITRY,1
CIRCUITS,1
CISCO,1
CISM,1
CISSP,1
CITI,1
CITIZENSHIP,1
CHOOSE,1
CLARIFY,1
CLASSICAL,1
CLASSIFIERS,1
CLASSIFY,1
CLEANING,1
CLERICAL,1
CLIENTELE,1
CLIMATE,1
CHOICES,1
CHICAGO,1
CHEMICALS,1
CHECKLISTS,1
CHEAT,1
CHATBOTS,1
CHARGE,1
CHANNEL,1
CHAMPION,1
CGMPS,1
CEO,1
CENTRIC,1
CELLS,1
CE,1
CDSA,1
COMMANDS,1
COHORT,1
COLD,1
COLLABORATES,1
COLLABORATOR,1
COLLATERAL,1
COLLECTIVELY,1
COMFORTABLY,1
COMMAND,1
COHESIVELY,1
COMMENTS,1
COMMIT,1
COMMITTEES,1
COMMUNICATES,1
COMMUNITIES,1
COMPANIES,1
COMPELLED,1
CCURE,1
COHESIVE,1
COGENTLY,1
CODES,1
CODED,1
COBIT,1
CNA,1
CMSES,1
CMS,1
CME,1
CM,1
CLUSTERS,1
CLOSURE,1
CLOSETS,1
CLOSET,1
CLIMB,1
BLEND,1
BILLION,1
BIOMECHANICAL,1
BIOMEDICAL,1
BIOTECH,1
BITLOCKER,1
BLACKBERRY,1
BLADE,1
BLASTS,1
BILINGUAL,1
BLOCK,1
BODIES,1
BODY,1
BOMGAR,1
BOOK,1
BOOKSTORE,1
BOOSTERS,1
BOSCH,1
BIGTABLE,1
BID,1
BIASED,1
BIAS,1
BIAMP,1
BGP,1
BFA,1
BENEFICIAL,1
BEND,1
BEAUTIFUL,1
BATCH,1
BASH,1
BARRON,1
BARRIERS,1
BARCODE,1
CAREERS,1
CALCULATE,1
CALIFORNIA,1
CALM,1
CAMERA,1
CAMP,1
CANDID,1
CAP,1
CAPA,1
CAC,1
CARGOWISE,1
CARRYING,1
CARTS,1
CASP,1
CATEGORIZE,1
CC,1
CCPA,1
EXTERNALLY,1
BUY,1
BUILDS,1
BUILDINGS,1
BUILDER,1
BUDGETED,1
BU,1
BROUGHT,1
BROOKFIELD,1
BROKERAGE,1
BRINGS,1
BRIDGES,1
BREACH,1
BRANDS,1
BRANCHED,1
BOT,1
MIXERS,1
MICROSERVICES,1
MID,1
MILEAGE,1
MINDED,1
MINDSET,1
MINIMIZING,1
MINUTE,1
MISSIONS,1
MICROCONTROLLER,1
MOCKUPS,1
MODE,1
MODELER,1
MODELERMANAGER,1
MODERATELY,1
MODIFICATION,1
MODIFIED,1
MENTORING,1
MDM,1
MDT,1
MEASURES,1
MECHANICS,1
MEDIATE,1
MEMBERSHIPS,1
MEND,1
MENTORED,1
MODIFIES,1
MERCHANDISING,1
MERGERS,1
MESF,1
MESSAGE,1
MESSAGES,1
METHODICAL,1
METHODOLOGICAL,1
NEIGHBORS,1
NATIONALGUARD,1
NATIONWIDE,1
NATURALLY,1
NAVIGATES,1
NC,1
NEAREST,1
NEGLIGIBLE,1
NEGOTIABLE,1
NATIONAL,1
NEO,1
NETSCALER,1
NETWORKED,1
NETWORKER,1
NETWORKMAINE,1
NEURAL,1
NEUROSCIENCE,1
MCESS,1
NATION,1
NAPCO,1
NAACL,1
MVC,1
MUTUAL,1
MULTIPLICATION,1
MULTICORE,1
MPP,1
MPLS,1
MOVEMENT,1
MOTION,1
MORALE,1
MORAL,1
MONTHLY,1
MONDAYS,1
LIVING,1
LIAISING,1
LIBRARY,1
LIFELONG,1
LIMITATIONS,1
LIMS,1
LINK,1
LISTEN,1
LISTENER,1
LIAISE,1
LOG,1
LOGIC,1
LOGINS,1
LOGISTICS,1
LOGMEIN,1
LOOKUP,1
LOOKUPS,1
LOOP,1
LEVERAGES,1
LESSONS,1
LENS,1
LEGISLATIVE,1
LED,1
LEARNINGS,1
LEARNED,1
LEAN,1
LAYOUTS,1
LAYOUT,1
LAYING,1
LAWS,1
LAUNCHING,1
LASER,1
LANDSCAPE,1
MATERIAL,1
MANIPULATION,1
MANIPULATIONS,1
MAPPING,1
MAPREDUCE,1
MARKETO,1
MARKUP,1
MASS,1
MASSIVE,1
MANHATTAN,1
MATPLOTLIB,1
MATRICULATED,1
MATURITY,1
MAXIMIZE,1
MAXIMUM,1
MBA,1
MCAFEE,1
NIGHTS,1
MANEUVER,1
MANDATORY,1
MANDATE,1
MAKER,1
MAJORITY,1
MAINTAINED,1
MAIN,1
MAILCHIMP,1
MADE,1
MACS,1
MACROS,1
MACINTOSH,1
MACHINING,1
LUNCH,1
LUA,1
PERSUADES,1
PERCEIVE,1
PERCENT,1
PERCENTAGES,1
PERFECT,1
PERIPHERAL,1
PERKS,1
PERL,1
PERMANENT,1
PELCO,1
PERSUASION,1
PERSUASIVE,1
PERTINENT,1
PHARMACEUTICAL,1
PHONES,1
PHOTO,1
PHOTOCOPYING,1
PATIENT,1
PARTS,1
PASS,1
PASSAGING,1
PASSWORD,1
PASSWORDS,1
PATCH,1
PATCHING,1
PATH,1
PHOTOGRAPHY,1
PATIENTLY,1
PATTERN,1
PCP,1
PDAS,1
PDF,1
PEAK,1
PEARL,1
POUNDS,1
POOL,1
PORTFOLIOS,1
PORTS,1
POSITIONING,1
POSITIVITY,1
POSSES,1
POSSESSING,1
POSSIBILITY,1
POINTS,1
POWERED,1
POWERSHELL,1
PR,1
PRACTITIONER,1
PRAGUE,1
PRE,1
PREDICTABLY,1
PARTNERSHIPS,1
PMP,1
PM,1
PLUGS,1
PLUGINS,1
PLUG,1
PLOTLY,1
PLAYERS,1
PLACE,1
PKI,1
PKE,1
PINCHING,1
PILOT,1
PIECES,1
PI,1
PHYSICS,1
ONJECT,1
OBSERVE,1
OBSOLETE,1
OCCASIONALLY,1
OCCURRENCE,1
OCEAN,1
OCULUS,1
OFFERS,1
OFFICERS,1
OBSERVABLE,1
OOA,1
OOD,1
OOZIE,1
OPENING,1
OPENNESS,1
OPERAT,1
OPT,1
OPTIMIZATIONS,1
OBIEE,1
NYS,1
NYC,1
NY,1
NUMEROUS,1
NOTEBOOKS,1
NOTEBOOK,1
NOSQL,1
NONTECHNICAL,1
NONPROFIT,1
NOISE,1
NLTK,1
NLP,1
NIST,1
NIPS,1
PANDAS,1
OVERWHELMINGLY,1
OWNING,1
OWNS,1
OXYGEN,1
PACKAGE,1
PACKAGING,1
PAGE,1
PAGES,1
OVERSEEN,1
PANIC,1
PAPER,1
PARAMETERS,1
PARENTS,1
PARK,1
PARTICIPANT,1
PARTICIPATING,1
LANDESK,1
OVERSEEING,1
OVERLAND,1
OVERARCHING,1
OUTPUTTING,1
OUTPUTS,1
OUTLINES,1
OUTLINED,1
OUTGOING,1
OSI,1
ORSURS,1
ORGANIZE,1
ORG,1
OPWDD,1
OPTIONS,1
OPTIONALLY,1
GI,1
GATHERED,1
GAX,1
GDPR,1
GED,1
GENERALIZED,1
GENERATES,1
GENERIC,1
GENESIS,1
GAPS,1
GITLAB,1
GIVING,1
GLBA,1
GLITCHES,1
GLOBE,1
GLOVE,1
GLP,1
FX,1
FUNCTION,1
FUNCTIONING,1
FUNDAMENTAL,1
FUNDAMENTALLY,1
FUNDAMENTALS,1
FUNDING,1
FUNDS,1
FUTURES,1
GLSL,1
GA,1
GAAP,1
GAAS,1
GAINS,1
GAME,1
GAMES,1
GAMUT,1
HAZARDOUS,1
GSLC,1
GUARD,1
GUIDES,1
HAND,1
HANDOFF,1
HANDOFFS,1
HARDWORKING,1
HAVES,1
GRUNT,1
HBASE,1
HBSS,1
HCATALOG,1
HEAD,1
HEADQUARTERS,1
HEAR,1
HEARING,1
FULFILL,1
GRIPPING,1
GRID,1
GREEN,1
GRAY,1
GRASSROOTS,1
GRASPING,1
GRASP,1
GRAMMAR,1
GRADING,1
GPU,1
GOVERNMENT,1
GOVERNING,1
GOAL,1
GMP,1
GMAIL,1
FISHER,1
FILESYSTEMS,1
FILING,1
FINAL,1
FINE,1
FINGER,1
FINISHED,1
FIRE,1
FIREWALLS,1
FIFTEEN,1
FIT,1
FIX,1
FIXES,1
FIXING,1
FLAWLESS,1
FLEX,1
FLIGHT,1
FLUENCY,1
FIELDING,1
FEELS,1
FEEDS,1
FCI,1
FANTASTIC,1
FALL,1
FAILURE,1
FAILOVER,1
FACILITATING,1
FACETS,1
FACET,1
EXTREME,1
EXTRAPOLATE,1
EXTRANET,1
EXTRA,1
FRAGMENTS,1
FORMULATIONS,1
FORTUNE,1
FORWARDING,1
FOSTER,1
FOSTERING,1
FOUND,1
FOUNDATIONAL,1
FRACTIONS,1
FORMS,1
FRAME,1
FREE,1
FREELANCE,1
FREELY,1
FRESH,1
FS,1
FT,1
HEAT,1
FORMATS,1
FORMALLY,1
FORESTS,1
FORENSICS,1
FORENSIC,1
FOREIGN,1
FORCEFUL,1
FORBES,1
FOOTFALL,1
FOLDERS,1
FOCUSES,1
FM,1
FLUME,1
FLUENTLY,1
FLUENT,1
INTERRUPTIONS,1
INTERACTIVITY,1
INTERCOMS,1
INTERDEPENDENCIES,1
INTERESTED,1
INTERNALLY,1
INTERNS,1
INTEROPERABILITY,1
INTERRUPTION,1
INTELLECTUALLY,1
INTERVALS,1
INTRODUCE,1
INTRODUCED,1
INTRODUCTIONS,1
INTUNE,1
INVESTOR,1
INVIGORATED,1
INVISIONPROTOTYPE,1
INTEGRATES,1
INSTITUTIONAL,1
INSTALLSHIELD,1
INSTALLER,1
INSTALLED,1
INSPIRED,1
INSPIRE,1
INSPECTING,1
INSIGHTFUL,1
INSIGHT,1
INQUIRES,1
INNOVATIONS,1
INITIATE,1
INGEST,1
INFRASTRUCTURES,1
KEYWORD,1
JUDGMENTAL,1
JUDICIAL,1
JUGGLE,1
JULY,1
KACE,1
KAFKA,1
KEYS,1
KEYSCAN,1
JUDGEMENTS,1
KIRA,1
KPI,1
KS,1
LABORATORIES,1
LABOUR,1
LABS,1
LADDER,1
INFORMED,1
JUDGEMENT,1
JR,1
JIRA,1
,1
ITUNES,1
ITERATIVELY,1
ISSE,1
ISOLATING,1
ISLAND,1
ISD,1
IPT,1
IPHONE,1
IPAD,1
IOT,1
INVOKING,1
HYPERLEDGER,1
HPI,1
HTTP,1
HUBSPOT,1
HUE,1
HUGE,1
HUMILITY,1
HUMOR,1
HVAC,1
HOT,1
HYPERVISOR,1
HYPOTHESIS,1
IATC,1
IATT,1
ICCV,1
ICLR,1
ICML,1
ICONOGRAPHY,1
HOST,1
HOPE,1
HOMES,1
HOLIDAYS,1
HOLDINGS,1
HOLDING,1
HOC,1
HOBBY,1
HLSL,1
HIVE,1
HISTORIAN,1
HIPAA,1
HIGHEST,1
HIDDEN,1
HELD,1
INDICATORS,1
INCLUSION,1
INCLUSIVE,1
INCOMING,1
INCREASING,1
INCUMBENTS,1
INDESIGN,1
INDEXING,1
INDICATING,1
INCEPTION,1
INDIVIDUALLY,1
INDOORS,1
INDUSTRIES,1
INDUSTRYSUCCESSFUL,1
INEFFICIENCIES,1
INFLO,1
INFLUENCES,1
PREDICTIVE,1
INCENTIVE,1
IMPALA,1
IMPACTING,1
IMMENSE,1
IMAGINING,1
ILLUSTRATOR,1
IIOT,1
II,1
IDES,1
IDENTITY,1
IDENTIFYING,1
IDENTIFIES,1
IDEATION,1
IDE,1
ICONTACT,1
